{
  "ratios": [
    1,
    2,
    4,
    8,
    16,
    32,
    64,
    128
  ],
  "labels": [
    "graviton2-n1",
    "cobalt100-n2",
    "graviton3-v1",
    "graviton4-v2"
  ],
  "tokens_per_usd": {
    "graviton2-n1": [
      2619503.0126174614,
      3223015.961602857,
      3951293.6067727334,
      4652089.076653182,
      5193968.10169085,
      5546355.688525164,
      5750429.447100901,
      5860757.880427086
    ],
    "cobalt100-n2": [
      3039660.7051079944,
      4115885.75171349,
      5742418.506285818,
      7796437.433534208,
      9873998.124991747,
      11553269.979226856,
      12681404.487654293,
      13348265.008715535
    ],
    "graviton3-v1": [
      3067237.8292665603,
      4158466.67237101,
      5812910.402239046,
      7911229.279144848,
      10043946.82616386,
      11775460.082159495,
      12942557.414930033,
      13633917.125251582
    ],
    "graviton4-v2": [
      2927530.0178534896,
      3998654.1982054636,
      5653437.064210394,
      7807428.169121842,
      10062686.962574232,
      11944697.797203502,
      13239968.918194525,
      14017675.44150474
    ]
  },
  "winners": [
    "graviton3-v1",
    "graviton3-v1",
    "graviton3-v1",
    "graviton3-v1",
    "graviton4-v2",
    "graviton4-v2",
    "graviton4-v2",
    "graviton4-v2"
  ],
  "has_crossover": true,
  "flip_margin": {
    "ratio": 16,
    "winner": "graviton4-v2",
    "runner_up": "graviton3-v1",
    "margin_frac": 0.0018623392022500357
  },
  "measured_anchored": {
    "uplift": 1.1897,
    "source": "results/measured/economics.json int8 ceiling on/off (N2 microkernel; ~1.19x) \u2014 real llama.cpp prefill is 1.29x",
    "winners": [
      "graviton3-v1",
      "graviton3-v1",
      "graviton3-v1",
      "graviton3-v1",
      "graviton4-v2",
      "graviton4-v2",
      "graviton4-v2",
      "graviton4-v2"
    ],
    "has_crossover": true,
    "survives": true,
    "ordering_identical": true,
    "flip_margin": {
      "ratio": 8,
      "winner": "graviton3-v1",
      "runner_up": "graviton4-v2",
      "margin_frac": 0.0017628601023846149
    }
  }
}